hip,ra,dec,hp_mag,b_v,plx
37826,116.33068294019498,28.02631021860563,1.2947,0.991,96.54
39953,122.38314733218827,-47.336611676905775,1.7034,-0.145,2.92
78401,240.08338222784874,-22.621620364687654,2.2617,-0.117,6.64
4427,14.177087819806042,60.71674955250466,2.1379,-0.046,5.94
31681,99.42792544255357,16.399414011593606,1.929,0.001,29.84
71860,220.48239095304535,-47.38814121489823,2.2296,-0.154,7.02
86228,264.32968931382976,-42.99782041368308,1.9269,0.406,10.86
26311,84.05338543565338,-1.2019172414620227,1.6235,-0.184,1.65
62434,191.93049350271724,-59.688732668040146,1.1537,-0.238,11.71
24608,79.17206465892026,45.999029047535174,0.2385,0.795,76.2
71352,218.87688120936915,-42.15774568948728,2.2729,-0.157,10.67
80763,247.35194829095929,-26.43194598227583,0.9757,1.865,5.89
7588,24.42813207953872,-57.23665984847916,0.4233,-0.158,23.39
42913,131.17582214266574,-54.70856804863214,1.9511,0.043,40.49
113963,346.19007056094597,15.205367531470344,2.4784,-0.002,24.46
15863,51.08061917149925,49.8612430465829,1.8972,0.481,6.44
30324,95.67494722224626,-17.955916812939442,1.8911,-0.24,6.62
34444,107.09785867990901,-26.39320762392726,1.9628,0.671,2.03
41037,125.62860248830137,-59.509537808593066,1.9996,1.196,5.39
45556,139.27261829379444,-59.27526114730822,2.2822,0.189,4.26
53910,165.45996141989733,56.38234468800373,2.3499,0.033,40.9
54061,165.93265336559026,61.75111903203818,1.9519,1.061,26.54
57632,177.26615959508663,14.572336778827237,2.1605,0.09,90.91
68702,210.9560192034163,-60.372978868942,0.5366,-0.231,8.32
76267,233.67162275770133,26.714910505694938,2.221,0.032,43.46
86670,265.6219989324434,-39.02992100324995,2.3164,-0.171,6.75
102098,310.3579728128913,45.28033431497014,1.2966,0.092,2.31
746,2.2920403043889377,59.15021805887627,2.3579,0.38,59.58
65378,200.98091527955415,54.92541508741724,2.254,0.057,38.01
82396,252.54268725877748,-34.29260943263813,2.4532,1.144,51.19
85927,263.40219318199655,-37.103748685815525,1.5244,-0.231,5.71
92855,283.81631935864067,-26.29659424865304,2.0095,-0.134,14.32
113368,344.4117729896118,-29.621836802955258,1.1808,0.145,129.81
3179,10.126613502755538,56.53740925229195,2.4107,1.17,14.29
25930,83.00166550492827,-0.2990934343210653,2.1361,-0.175,4.71
3419,10.896784465319778,-17.986684067850593,2.2061,1.019,33.86
28360,89.88237269314368,44.947434881046085,1.9038,0.077,40.21
45941,140.52845502918143,-55.01069513405024,2.4131,-0.141,5.7
61084,187.7913720093112,-57.11256917060132,1.6299,1.6,36.83
62956,193.50680405091686,55.959842985727555,1.7545,-0.022,39.51
68002,208.88514577029758,-47.288266231538614,2.4419,-0.176,8.54
68933,211.67218593159768,-36.36869557848116,2.2226,1.011,55.45
97649,297.69450818881256,8.867384731170645,0.8273,0.221,194.95
25336,81.28278339338858,6.3497345714778675,1.5493,-0.224,12.92
39429,120.89612567880432,-40.0031883441021,2.1364,-0.269,3.01
60718,186.64975587715548,-63.099056744828914,0.6739,-0.243,10.13
90185,276.0431094473889,-34.38431460506741,1.7986,-0.031,22.76
100751,306.41187379339095,-56.73488064607406,1.8583,-0.118,18.24
37279,114.82724201808722,5.227507577481227,0.4607,0.432,284.56
84012,257.59442738169423,-15.725147681240587,2.4393,0.059,36.91
27989,88.79287148995971,7.407036532062891,0.4997,1.5,6.55
30438,95.98787789671694,-52.69571786807983,-0.5536,0.164,10.55
69673,213.91811407697244,19.187270460134823,0.1114,1.239,88.83
71683,219.9204081301028,-60.83514521897498,0.1373,0.71,754.81
91262,279.2341082481229,38.78299326196128,0.0868,-0.001,130.23
112122,340.6663954727161,-46.88456580126456,2.0699,1.61,18.43
32349,101.2885410520664,-16.713143062644765,-1.0876,0.009,379.21
36850,113.65001967585451,31.888635107905028,1.5811,0.034,64.12
50583,154.9923410330138,19.841860210862098,2.1684,1.128,25.07
61932,190.3800211738384,-48.95988558740871,2.146,-0.023,25.06
26727,85.1896866737916,-1.9425785169909107,1.6812,-0.199,4.43
58001,178.45725511911144,53.69473296967607,2.4286,0.044,39.21
66657,204.97196969638728,-53.46636266101107,2.2097,-0.171,7.63
72607,222.67664779921003,74.1554761785546,2.2044,1.465,24.91
87833,269.1515742793075,51.48895100870742,2.3617,1.521,21.14
113881,345.9430557873682,28.082454307113874,2.4861,1.655,16.64
677,2.0965338521764996,29.090828370625943,2.0371,-0.038,33.62
5447,17.432490227980693,35.62083036135464,2.1741,1.576,16.52
9884,31.79285750616657,23.462777474913395,2.1726,1.151,49.56
35904,111.02377104410644,-29.3031196329059,2.4215,-0.083,1.64
45238,138.30100316841776,-69.71747240869331,1.6625,0.07,28.82
9640,30.974662069192,42.32984824816311,2.2409,1.37,8.3
11767,37.946142995267444,89.26413777914848,2.1077,0.636,7.54
21421,68.98000194085509,16.509761580557992,1.0024,1.538,48.94
24436,78.63446385441426,-8.201639583845413,0.193,-0.03,3.78
49669,152.0935804213877,11.96719519032496,1.3232,-0.087,41.13
71681,219.91412459936643,-60.83948046402479,1.2429,0.9,796.92
27366,86.93911656875902,-9.669601807633505,2.0065,-0.168,5.04
33579,104.65644414730376,-28.97208938784479,1.416,-0.211,8.05
82273,252.16610733882885,-69.02763509082091,2.0711,1.447,8.35
100453,305.5570833701541,40.2566813681229,2.3548,0.673,1.78
14576,47.042208933461886,40.95565070505805,2.0969,-0.003,36.27
44816,136.99907150285753,-43.43262377192214,2.3385,1.665,5.99
46390,141.89688203931198,-8.6586830723955,2.135,1.44,18.09
65474,201.2983522842723,-11.161244938592992,0.8891,-0.235,13.06
86032,263.7333536145279,12.56057592855335,2.1262,0.155,67.13
25428,81.57290831934246,28.607873622095358,1.6151,-0.13,24.36
67301,206.88560910063353,49.31330296656234,1.7994,-0.099,31.38
109268,332.0578185220739,-46.96061595045465,1.6983,-0.07,32.29
